"timestamp","lifetime","adc"
0.0,668.750,107
15.0,2193.750,351
47.0,3925.000,628
53.0,1150.000,184
84.0,4281.250,685
118.0,156.250,25
133.0,3587.500,574
212.0,1350.000,216
240.0,518.750,83
250.0,4700.000,752
258.0,993.750,159
300.0,1143.750,183
348.0,5743.750,919
353.0,8787.500,1406
391.0,425.000,68
395.0,17606.250,2817
414.0,4075.000,652
426.0,581.250,93
444.0,15718.750,2515
453.0,1006.250,161
457.0,118.750,19
463.0,1025.000,164
512.0,112.500,18
545.0,2075.000,332
567.0,7906.250,1265
582.0,3475.000,556
623.0,11575.000,1852
678.0,4981.250,797
687.0,4031.250,645
716.0,343.750,55
748.0,1050.000,168
769.0,6162.500,986
783.0,6587.500,1054
793.0,6062.500,970
944.0,3143.750,503
945.0,19806.250,3169
946.0,287.500,46
1075.0,1456.250,233
1083.0,6487.500,1038
1096.0,1887.500,302
1135.0,600.000,96
1169.0,4812.500,770
1192.0,231.250,37
1213.0,1406.250,225
1257.0,2125.000,340
1284.0,16131.250,2581
1318.0,1412.500,226
1349.0,3475.000,556
1366.0,793.750,127
1404.0,1387.500,222
1416.0,4618.750,739
1439.0,1293.750,207
1445.0,212.500,34
1517.0,987.500,158
1548.0,1481.250,237
1572.0,5450.000,872
1617.0,2925.000,468
1688.0,906.250,145
1749.0,737.500,118
1810.0,20881.250,3341
1839.0,15968.750,2555
1840.0,425.000,68
1859.0,1306.250,209
1880.0,21200.000,3392
1907.0,568.750,91
1910.0,1368.750,219
1926.0,587.500,94
1955.0,5612.500,898
1958.0,3475.000,556
1987.0,2175.000,348
1999.0,2368.750,379
2006.0,2650.000,424
2049.0,875.000,140
2128.0,2393.750,383
2131.0,1050.000,168
2139.0,2281.250,365
2236.0,575.000,92
2268.0,5181.250,829
2303.0,3806.250,609
2325.0,1343.750,215
2333.0,9731.250,1557
2354.0,2312.500,370
2368.0,2943.750,471
2438.0,656.250,105
2614.0,1187.500,190
2615.0,256.250,41
2631.0,506.250,81
2638.0,750.000,120
2708.0,6568.750,1051
2717.0,2562.500,410
2726.0,11775.000,1884
2743.0,3075.000,492
2750.0,2587.500,414
2758.0,2287.500,366
2796.0,17018.750,2723
2847.0,731.250,117
2878.0,4275.000,684
2888.0,681.250,109
2906.0,1506.250,241
2930.0,3018.750,483
2939.0,9868.750,1579
2986.0,518.750,83
3037.0,2718.750,435
3152.0,2981.250,477
3179.0,962.500,154
3190.0,25518.750,4083
3210.0,106.250,17
3230.0,268.750,43
3262.0,10575.000,1692
3295.0,13993.750,2239
3341.0,2481.250,397
3361.0,3068.750,491
3373.0,943.750,151
3375.0,20243.750,3239
3393.0,2131.250,341
3481.0,668.750,107
3486.0,2031.250,325
3496.0,14737.500,2358
3526.0,2681.250,429
3549.0,943.750,151
3555.0,1062.500,170
3574.0,1525.000,244
3576.0,19468.750,3115
3589.0,306.250,49
3631.0,1506.250,241
3635.0,650.000,104
3659.0,10143.750,1623
3659.0,5293.750,847
3693.0,9025.000,1444
3731.0,368.750,59
3731.0,262.500,42
3763.0,24837.500,3974
3774.0,1437.500,230
3782.0,23137.500,3702
3860.0,1168.750,187
3954.0,6943.750,1111
3966.0,2743.750,439
3985.0,5681.250,909
4030.0,1075.000,172
4106.0,3400.000,544
4135.0,1475.000,236
4166.0,812.500,130
4196.0,1218.750,195
4277.0,3950.000,632
4351.0,2643.750,423
4351.0,981.250,157
4383.0,900.000,144
4400.0,431.250,69
4408.0,1112.500,178
4418.0,181.250,29
4502.0,11456.250,1833
4508.0,1856.250,297
4511.0,2256.250,361
4513.0,2900.000,464
4521.0,1106.250,177
4529.0,1643.750,263
4568.0,625.000,100
4583.0,93.750,15
4605.0,6650.000,1064
4627.0,100.000,16
4637.0,3681.250,589
4645.0,3012.500,482
4653.0,1231.250,197
4694.0,3856.250,617
4708.0,293.750,47
4758.0,2062.500,330
4788.0,2393.750,383
4816.0,1150.000,184
4830.0,1050.000,168
4854.0,831.250,133
4866.0,550.000,88
4927.0,6162.500,986
4949.0,156.250,25
4973.0,8337.500,1334
4980.0,268.750,43
4991.0,581.250,93
5002.0,9250.000,1480
5003.0,512.500,82
5003.0,2037.500,326
5016.0,13587.500,2174
5060.0,381.250,61
5065.0,1950.000,312
5179.0,3868.750,619
5212.0,2568.750,411
5218.0,1200.000,192
5248.0,331.250,53
5274.0,143.750,23
5344.0,3593.750,575
5363.0,2993.750,479
5369.0,687.500,110
5374.0,2643.750,423
5374.0,412.500,66
5386.0,1012.500,162
5424.0,500.000,80
5427.0,2818.750,451
5458.0,6256.250,1001
5481.0,25287.500,4046
5522.0,5362.500,858
5538.0,2606.250,417
5572.0,11306.250,1809
5578.0,7918.750,1267
5587.0,1075.000,172
5635.0,1693.750,271
5651.0,5650.000,904
5684.0,10987.500,1758
5701.0,1568.750,251
5789.0,2512.500,402
5803.0,1206.250,193
5853.0,3950.000,632
5883.0,600.000,96
5920.0,1612.500,258
5950.0,13125.000,2100
5978.0,668.750,107
6005.0,3256.250,521
6036.0,7450.000,1192
6046.0,1637.500,262
6058.0,19556.250,3129
6079.0,3312.500,530
6096.0,2500.000,400
6099.0,2031.250,325
6133.0,2387.500,382
6134.0,550.000,88
6243.0,325.000,52
6255.0,6100.000,976
6280.0,462.500,74
6286.0,2350.000,376
6366.0,3606.250,577
6438.0,5687.500,910
6444.0,1025.000,164
6497.0,987.500,158
6499.0,1606.250,257
6510.0,3293.750,527
6521.0,22493.750,3599
6582.0,25331.250,4053
6639.0,331.250,53
6660.0,787.500,126
6676.0,1256.250,201
6690.0,1668.750,267
6691.0,150.000,24
6694.0,17237.500,2758
6697.0,118.750,19
6747.0,2162.500,346
6805.0,87.500,14
6820.0,5762.500,922
6821.0,5312.500,850
6848.0,100.000,16
6864.0,1031.250,165
6876.0,11918.750,1907
6888.0,2168.750,347
6897.0,2687.500,430
6898.0,2250.000,360
6945.0,1968.750,315
6949.0,5925.000,948
6956.0,1400.000,224
6974.0,2881.250,461
6991.0,1031.250,165
7002.0,1250.000,200
7084.0,1406.250,225
7100.0,25231.250,4037
7115.0,462.500,74
7123.0,4706.250,753
7124.0,1137.500,182
7136.0,3175.000,508
7150.0,3825.000,612
7170.0,2375.000,380
7194.0,1262.500,202
7228.0,3756.250,601
7259.0,1837.500,294
7265.0,3562.500,570
7302.0,2831.250,453
7341.0,643.750,103
7375.0,2212.500,354
7410.0,1906.250,305
7410.0,9000.000,1440
7432.0,4306.250,689
7464.0,625.000,100
7474.0,100.000,16
7493.0,22287.500,3566
7504.0,3437.500,550
7523.0,1200.000,192
7547.0,9500.000,1520
7564.0,518.750,83
7577.0,8293.750,1327
7601.0,1162.500,186
7635.0,3456.250,553
7657.0,1500.000,240
7709.0,1443.750,231
7745.0,1687.500,270
7747.0,437.500,70
7790.0,237.500,38
7811.0,12300.000,1968
7814.0,212.500,34
7821.0,1568.750,251
7878.0,818.750,131
7881.0,2100.000,336
7907.0,2256.250,361
7924.0,162.500,26
7948.0,2118.750,339
7971.0,556.250,89
7981.0,1643.750,263
7982.0,1425.000,228
7985.0,2031.250,325
8038.0,612.500,98
8086.0,15256.250,2441
8130.0,2456.250,393
8133.0,4212.500,674
8151.0,606.250,97
8189.0,3012.500,482
8214.0,562.500,90
8278.0,300.000,48
8295.0,2781.250,445
8354.0,5068.750,811
8425.0,6125.000,980
8432.0,1862.500,298
8441.0,106.250,17
8452.0,2918.750,467
8472.0,762.500,122
8482.0,13825.000,2212
8538.0,1737.500,278
8571.0,1100.000,176
8632.0,16556.250,2649
8665.0,3550.000,568
8701.0,681.250,109
8718.0,7837.500,1254
8733.0,825.000,132
8751.0,11787.500,1886
8773.0,862.500,138
8920.0,112.500,18
8944.0,7068.750,1131
8973.0,1031.250,165
9037.0,1237.500,198
9051.0,4243.750,679
9092.0,200.000,32
9113.0,20593.750,3295
9151.0,3456.250,553
9194.0,1118.750,179
9206.0,1600.000,256
9220.0,19775.000,3164
9223.0,356.250,57
9241.0,16343.750,2615
9295.0,2131.250,341
9348.0,243.750,39
9358.0,412.500,66
9360.0,3812.500,610
9399.0,1162.500,186
9422.0,2287.500,366
9454.0,337.500,54
9504.0,17125.000,2740
9540.0,3468.750,555
9577.0,1375.000,220
9578.0,2250.000,360
9595.0,8618.750,1379
9619.0,231.250,37
9652.0,418.750,67
9670.0,1181.250,189
9720.0,6068.750,971
9753.0,4737.500,758
9784.0,975.000,156
9789.0,5100.000,816
9796.0,937.500,150
9819.0,1018.750,163
9858.0,812.500,130
9904.0,218.750,35
9925.0,1637.500,262
9938.0,218.750,35
9948.0,3650.000,584
9958.0,3493.750,559
9968.0,6087.500,974
9986.0,3112.500,498
10014.0,1650.000,264
10014.0,212.500,34
10017.0,468.750,75
10019.0,1006.250,161
10062.0,325.000,52
10071.0,3618.750,579
10154.0,2531.250,405
10177.0,2818.750,451
10202.0,9393.750,1503
10218.0,4956.250,793
10230.0,2581.250,413
10239.0,475.000,76
10243.0,3543.750,567
10287.0,175.000,28
10325.0,1631.250,261
10329.0,12006.250,1921
10346.0,325.000,52
10369.0,1481.250,237
10397.0,1031.250,165
10398.0,4218.750,675
10415.0,5468.750,875
10457.0,3812.500,610
10461.0,306.250,49
10469.0,4768.750,763
10470.0,450.000,72
10486.0,168.750,27
10498.0,1737.500,278
10510.0,1518.750,243
10532.0,1306.250,209
10548.0,137.500,22
10572.0,8543.750,1367
10572.0,3225.000,516
10580.0,4225.000,676
10652.0,293.750,47
10716.0,1125.000,180
10741.0,5181.250,829
10754.0,3350.000,536
10756.0,23343.750,3735
10771.0,18293.750,2927
10800.0,16768.750,2683
10808.0,1506.250,241
10902.0,3287.500,526
10903.0,4925.000,788
10918.0,2737.500,438
10928.0,12225.000,1956
10934.0,2112.500,338
10949.0,2025.000,324
10983.0,14093.750,2255
10991.0,531.250,85
10995.0,875.000,140
11000.0,1025.000,164
11010.0,1568.750,251
11032.0,1575.000,252
11044.0,4625.000,740
11104.0,2731.250,437
11120.0,3437.500,550
11202.0,21637.500,3462
11213.0,1487.500,238
11230.0,131.250,21
11254.0,5937.500,950
11258.0,4518.750,723
11300.0,24168.750,3867
11338.0,925.000,148
11343.0,1350.000,216
11345.0,1518.750,243
11349.0,10137.500,1622
11392.0,281.250,45
11416.0,1050.000,168
11472.0,1825.000,292
11539.0,681.250,109
11541.0,706.250,113
11557.0,13962.500,2234
11658.0,20781.250,3325
11707.0,1912.500,306
11725.0,1568.750,251
11779.0,2287.500,366
11798.0,1268.750,203
11819.0,3875.000,620
11877.0,12137.500,1942
11879.0,1875.000,300
11892.0,2100.000,336
11972.0,781.250,125
11999.0,4506.250,721
12026.0,2987.500,478
12073.0,10681.250,1709
12105.0,8625.000,1380
12127.0,6500.000,1040
12168.0,2793.750,447
12253.0,150.000,24
12274.0,325.000,52
12294.0,2843.750,455
12299.0,743.750,119
12313.0,318.750,51
12347.0,1750.000,280
12391.0,2150.000,344
12443.0,17631.250,2821
12489.0,2781.250,445
12574.0,1775.000,284
12631.0,4625.000,740
12645.0,4868.750,779
12685.0,4168.750,667
12731.0,1450.000,232
12863.0,2937.500,470
12884.0,5256.250,841
13008.0,6575.000,1052
13039.0,487.500,78
13040.0,23625.000,3780
13047.0,16868.750,2699
13103.0,8150.000,1304
13121.0,2956.250,473
13121.0,1212.500,194
13124.0,13662.500,2186
13141.0,1575.000,252
13171.0,881.250,141
13186.0,300.000,48
13234.0,425.000,68
13254.0,9556.250,1529
13255.0,10006.250,1601
13274.0,3687.500,590
13284.0,6925.000,1108
13304.0,956.250,153
13310.0,2118.750,339
13326.0,4818.750,771
13328.0,950.000,152
13333.0,1468.750,235
13338.0,6818.750,1091
13345.0,518.750,83
13380.0,362.500,58
13381.0,1837.500,294
13381.0,350.000,56
13382.0,212.500,34
13413.0,1400.000,224
13446.0,3081.250,493
13454.0,14225.000,2276
13487.0,11906.250,1905
13491.0,2256.250,361
13541.0,550.000,88
13559.0,4937.500,790
13607.0,262.500,42
13655.0,6018.750,963
13733.0,3243.750,519
13734.0,17812.500,2850
13747.0,7512.500,1202
13748.0,1256.250,201
13768.0,4525.000,724
13779.0,6568.750,1051
13794.0,450.000,72
13806.0,2825.000,452
13822.0,1568.750,251
13830.0,23818.750,3811
13850.0,3662.500,586
13861.0,1218.750,195
13869.0,4362.500,698
13885.0,150.000,24
13886.0,512.500,82
13890.0,1550.000,248
13952.0,662.500,106
13982.0,1668.750,267
14058.0,1218.750,195
14119.0,393.750,63
14121.0,4075.000,652
14194.0,20318.750,3251
14217.0,1412.500,226
14222.0,3368.750,539
14250.0,2000.000,320
14251.0,2037.500,326
14327.0,1387.500,222
14364.0,481.250,77
14413.0,350.000,56
14417.0,1750.000,280
14488.0,1443.750,231
14513.0,2400.000,384
14536.0,793.750,127
14565.0,2487.500,398
14567.0,4056.250,649
14601.0,156.250,25
14676.0,237.500,38
14690.0,287.500,46
14707.0,400.000,64
14719.0,456.250,73
14747.0,1125.000,180
14748.0,4331.250,693
14756.0,6606.250,1057
14774.0,6687.500,1070
14831.0,2906.250,465
14873.0,24168.750,3867
14878.0,1368.750,219
14921.0,9806.250,1569
14932.0,4531.250,725
14940.0,1243.750,199
14956.0,1025.000,164
14958.0,375.000,60
14959.0,1625.000,260
14987.0,3106.250,497
15046.0,150.000,24
15048.0,468.750,75
15069.0,1681.250,269
15075.0,893.750,143
15085.0,2131.250,341
15092.0,23506.250,3761
15094.0,1137.500,182
15096.0,1956.250,313
15136.0,1062.500,170
15159.0,8362.500,1338
15170.0,93.750,15
15261.0,1162.500,186
15282.0,18500.000,2960
15358.0,4331.250,693
15457.0,412.500,66
15466.0,24356.250,3897
15516.0,22793.750,3647
15525.0,568.750,91
15551.0,262.500,42
15552.0,162.500,26
15579.0,1987.500,318
15717.0,14062.500,2250
15776.0,1187.500,190
15791.0,643.750,103
15828.0,13893.750,2223
15843.0,650.000,104
15853.0,1512.500,242
15867.0,987.500,158
15877.0,2418.750,387
15894.0,1818.750,291
15898.0,1193.750,191
15899.0,5056.250,809
15937.0,312.500,50
15970.0,1968.750,315
15990.0,3743.750,599
16001.0,4618.750,739
16109.0,2218.750,355
16125.0,2368.750,379
16129.0,4368.750,699
16155.0,11268.750,1803
16172.0,12600.000,2016
16190.0,1562.500,250
16200.0,1618.750,259
16201.0,7343.750,1175
16247.0,550.000,88
16350.0,25075.000,4012
16372.0,2287.500,366
16378.0,1768.750,283
16399.0,1806.250,289
16403.0,200.000,32
16412.0,1856.250,297
16418.0,5775.000,924
16418.0,2281.250,365
16444.0,168.750,27
16446.0,1406.250,225
16542.0,412.500,66
16554.0,2268.750,363
16557.0,1468.750,235
16569.0,3062.500,490
16579.0,23993.750,3839
16648.0,2518.750,403
16667.0,2956.250,473
16674.0,16637.500,2662
16731.0,400.000,64
16753.0,2787.500,446
16764.0,256.250,41
16778.0,362.500,58
16784.0,1581.250,253
16787.0,1606.250,257
16803.0,475.000,76
16910.0,112.500,18
16952.0,8412.500,1346
16953.0,5631.250,901
16955.0,787.500,126
17016.0,17443.750,2791
17034.0,2275.000,364
17040.0,450.000,72
17041.0,1087.500,174
17046.0,3912.500,626
17087.0,18100.000,2896
17105.0,22987.500,3678
17116.0,5850.000,936
17135.0,718.750,115
17153.0,24750.000,3960
17179.0,4443.750,711
17184.0,1006.250,161
17214.0,5025.000,804
17239.0,8018.750,1283
17280.0,5875.000,940
17287.0,3862.500,618
17417.0,131.250,21
17491.0,100.000,16
17507.0,13112.500,2098
17572.0,1962.500,314
17678.0,1475.000,236
17686.0,7931.250,1269
17716.0,22537.500,3606
17755.0,1162.500,186
17812.0,22693.750,3631
17815.0,312.500,50
17874.0,5781.250,925
17924.0,7668.750,1227
17951.0,4487.500,718
17976.0,7693.750,1231
18041.0,537.500,86
18080.0,743.750,119
18142.0,18975.000,3036
18162.0,8543.750,1367
18188.0,1518.750,243
18274.0,2700.000,432
18342.0,1237.500,198
18417.0,1943.750,311
18429.0,1437.500,230
18480.0,2281.250,365
18487.0,3337.500,534
18502.0,22243.750,3559
18527.0,350.000,56
18577.0,312.500,50
18596.0,287.500,46
18618.0,1362.500,218
18639.0,1425.000,228
18659.0,618.750,99
18750.0,2431.250,389
18780.0,1987.500,318
18817.0,868.750,139
18847.0,1512.500,242
18926.0,1543.750,247
18959.0,4862.500,778
18961.0,1437.500,230
18962.0,1681.250,269
18973.0,16406.250,2625
19001.0,7887.500,1262
19013.0,4218.750,675
19028.0,631.250,101
19075.0,1568.750,251
19107.0,181.250,29
19116.0,2237.500,358
19153.0,5206.250,833
19203.0,12818.750,2051
19221.0,1575.000,252
19281.0,14575.000,2332
19294.0,187.500,30
19342.0,23975.000,3836
19377.0,2518.750,403
19378.0,618.750,99
19390.0,181.250,29
19397.0,1668.750,267
19451.0,7650.000,1224
19493.0,2531.250,405
19504.0,81.250,13
19506.0,1606.250,257
19532.0,3775.000,604
19547.0,143.750,23
19549.0,837.500,134
19586.0,5356.250,857
19603.0,6368.750,1019
19626.0,1393.750,223
19689.0,950.000,152
19693.0,1506.250,241
19703.0,5568.750,891
19744.0,981.250,157
19776.0,3806.250,609
19811.0,556.250,89
19824.0,600.000,96
20010.0,1212.500,194
20059.0,13087.500,2094
20164.0,2743.750,439
20167.0,425.000,68
20177.0,2137.500,342
20237.0,450.000,72
20278.0,1812.500,290
20311.0,912.500,146
20344.0,5468.750,875
20349.0,625.000,100
20379.0,4256.250,681
20408.0,768.750,123
20412.0,3500.000,560
20425.0,162.500,26
20434.0,1500.000,240
20466.0,5837.500,934
20516.0,487.500,78
20542.0,312.500,50
20555.0,331.250,53
20556.0,2325.000,372
20626.0,7906.250,1265
20635.0,4375.000,700
20641.0,800.000,128
20659.0,262.500,42
20699.0,331.250,53
20718.0,593.750,95
20744.0,1243.750,199
20776.0,19756.250,3161
20858.0,7693.750,1231
20896.0,2406.250,385
20912.0,137.500,22
20928.0,9675.000,1548
20939.0,1206.250,193
20948.0,2062.500,330
20968.0,2693.750,431
21053.0,606.250,97
21074.0,400.000,64
21074.0,4200.000,672
21099.0,756.250,121
21110.0,19625.000,3140
21113.0,2925.000,468
21131.0,2343.750,375
21132.0,575.000,92
21141.0,406.250,65
21144.0,3731.250,597
21169.0,3306.250,529
21170.0,4400.000,704
21188.0,2881.250,461
21193.0,1893.750,303
21196.0,193.750,31
21257.0,1362.500,218
21286.0,2268.750,363
21298.0,4625.000,740
21311.0,1087.500,174
21318.0,918.750,147
21334.0,3181.250,509
21353.0,993.750,159
21355.0,4187.500,670
21357.0,1937.500,310
21410.0,2975.000,476
21418.0,1368.750,219
21430.0,287.500,46
21473.0,531.250,85
21488.0,2843.750,455
21494.0,537.500,86
21511.0,23537.500,3766
21532.0,237.500,38
21572.0,312.500,50
21689.0,2937.500,470
21748.0,4925.000,788
21772.0,3237.500,518
21801.0,4456.250,713
21825.0,19106.250,3057
21889.0,1006.250,161
21918.0,22543.750,3607
21934.0,987.500,158
22015.0,712.500,114
22027.0,1675.000,268
22086.0,1393.750,223
22145.0,15212.500,2434
22150.0,1812.500,290
22195.0,5093.750,815
22222.0,750.000,120
22286.0,5487.500,878
22338.0,1187.500,190
22344.0,17925.000,2868
22360.0,3862.500,618
22392.0,1275.000,204
22395.0,1281.250,205
22452.0,3931.250,629
22508.0,5925.000,948
22524.0,1418.750,227
22561.0,593.750,95
22610.0,3656.250,585
22622.0,306.250,49
22626.0,1643.750,263
22635.0,4393.750,703
22706.0,7218.750,1155
22738.0,13687.500,2190
22758.0,11887.500,1902
22764.0,618.750,99
22781.0,14537.500,2326
22816.0,581.250,93
22818.0,1218.750,195
22826.0,2431.250,389
22858.0,15743.750,2519
22869.0,231.250,37
22902.0,7000.000,1120
22903.0,15293.750,2447
23029.0,650.000,104
23166.0,2450.000,392
23189.0,1043.750,167
23196.0,412.500,66
23265.0,4618.750,739
23287.0,2537.500,406
23292.0,2762.500,442
23304.0,468.750,75
23317.0,118.750,19
23345.0,681.250,109
23402.0,1162.500,186
23411.0,4568.750,731
23426.0,6387.500,1022
23493.0,1937.500,310
23514.0,2856.250,457
23577.0,4631.250,741
23588.0,23300.000,3728
23596.0,6325.000,1012
23632.0,8487.500,1358
23658.0,2000.000,320
23664.0,2556.250,409
23706.0,87.500,14
23719.0,20406.250,3265
23758.0,1250.000,200
23866.0,856.250,137
23984.0,1506.250,241
24031.0,1300.000,208
24098.0,1393.750,223
24122.0,400.000,64
24124.0,3018.750,483
24152.0,7168.750,1147
24180.0,268.750,43
24213.0,1950.000,312
24229.0,681.250,109
24276.0,5193.750,831
24309.0,3968.750,635
24335.0,650.000,104
24417.0,1250.000,200
24440.0,3843.750,615
24529.0,4031.250,645
24541.0,537.500,86
24644.0,1062.500,170
24660.0,1237.500,198
24668.0,13262.500,2122
24694.0,11781.250,1885
24700.0,20950.000,3352
24722.0,6931.250,1109
24725.0,3981.250,637
24726.0,2812.500,450
24737.0,5243.750,839
24743.0,18268.750,2923
24778.0,93.750,15
24815.0,987.500,158
24903.0,2343.750,375
24907.0,14668.750,2347
24919.0,25475.000,4076
24929.0,6081.250,973
24980.0,1643.750,263
24985.0,3350.000,536
25003.0,3575.000,572
25017.0,4731.250,757
25089.0,3250.000,520
25100.0,1781.250,285
25109.0,1256.250,201
25145.0,3306.250,529
25149.0,1375.000,220
25154.0,15356.250,2457
25190.0,256.250,41
25247.0,2162.500,346
25296.0,500.000,80
25323.0,16450.000,2632
25324.0,543.750,87
25339.0,3987.500,638
25354.0,1406.250,225
25356.0,1793.750,287
25388.0,2118.750,339
25440.0,3362.500,538
25457.0,206.250,33
25463.0,1375.000,220
25492.0,1943.750,311
25509.0,343.750,55
25539.0,712.500,114
25546.0,1187.500,190
25559.0,768.750,123
25570.0,356.250,57
25630.0,343.750,55
25661.0,1981.250,317
25694.0,437.500,70
25696.0,21625.000,3460
25698.0,13131.250,2101
25703.0,1450.000,232
25782.0,9118.750,1459
25786.0,1837.500,294
25797.0,2600.000,416
25817.0,618.750,99
25835.0,2468.750,395
25840.0,625.000,100
25841.0,2731.250,437
25843.0,18406.250,2945
25887.0,1706.250,273
25897.0,2218.750,355
25917.0,381.250,61
25948.0,21137.500,3382
25949.0,1687.500,270
25964.0,1381.250,221
25993.0,3731.250,597
26003.0,7456.250,1193
26092.0,762.500,122
26102.0,275.000,44
26108.0,662.500,106
26108.0,781.250,125
26137.0,2543.750,407
26154.0,4031.250,645
26277.0,4125.000,660
26324.0,2681.250,429
26336.0,1243.750,199
26354.0,1237.500,198
26403.0,5775.000,924
26408.0,1393.750,223
26426.0,375.000,60
26434.0,1587.500,254
26440.0,868.750,139
26490.0,3468.750,555
26507.0,13993.750,2239
26574.0,1656.250,265
26623.0,1412.500,226
26641.0,3687.500,590
26682.0,1537.500,246
26723.0,106.250,17
26751.0,2493.750,399
26806.0,187.500,30
26815.0,3868.750,619
26822.0,331.250,53
26889.0,1137.500,182
26897.0,625.000,100
26916.0,21775.000,3484
26971.0,987.500,158
26972.0,2750.000,440
27005.0,1343.750,215
27005.0,406.250,65
27007.0,1181.250,189
27031.0,10550.000,1688
27048.0,850.000,136
27090.0,1625.000,260
27101.0,2343.750,375
27127.0,687.500,110
27141.0,900.000,144
27156.0,21937.500,3510
27163.0,425.000,68
27302.0,11275.000,1804
27312.0,1393.750,223
27356.0,668.750,107
27378.0,700.000,112
27390.0,3400.000,544
27454.0,356.250,57
27461.0,250.000,40
27462.0,1887.500,302
27489.0,13487.500,2158
27495.0,343.750,55
27509.0,562.500,90
27515.0,3262.500,522
27548.0,1468.750,235
27562.0,5575.000,892
27662.0,281.250,45
27683.0,5162.500,826
27747.0,2512.500,402
27810.0,2031.250,325
27834.0,1843.750,295
27841.0,4862.500,778
27954.0,2600.000,416
28012.0,425.000,68
28051.0,737.500,118
28052.0,3106.250,497
28146.0,2850.000,456
28159.0,93.750,15
28170.0,2575.000,412
28174.0,1656.250,265
28205.0,6806.250,1089
28216.0,618.750,99
28238.0,2618.750,419
28252.0,20437.500,3270
28336.0,418.750,67
28337.0,306.250,49
28340.0,3212.500,514
28365.0,7106.250,1137
28371.0,23468.750,3755
28439.0,550.000,88
28442.0,3050.000,488
28480.0,1637.500,262
28483.0,2887.500,462
28496.0,6781.250,1085
28503.0,3412.500,546
28516.0,7031.250,1125
28530.0,156.250,25
28543.0,2406.250,385
28629.0,15200.000,2432
28683.0,1718.750,275
28722.0,1625.000,260
28738.0,1556.250,249
28770.0,1150.000,184
28777.0,1287.500,206
28806.0,2062.500,330
28817.0,143.750,23
28834.0,11293.750,1807
28853.0,256.250,41
28888.0,4475.000,716
28888.0,3400.000,544
28986.0,24018.750,3843
29022.0,4875.000,780
29023.0,2356.250,377
29053.0,256.250,41
29099.0,2162.500,346
29107.0,1462.500,234
29119.0,7756.250,1241
29135.0,9081.250,1453
29163.0,1668.750,267
29183.0,237.500,38
29222.0,1275.000,204
29224.0,20337.500,3254
29233.0,4250.000,680
29233.0,10362.500,1658
29317.0,23493.750,3759
29348.0,3531.250,565
29372.0,437.500,70
29374.0,12787.500,2046
29394.0,1450.000,232
29396.0,137.500,22
29398.0,11425.000,1828
29422.0,175.000,28
29441.0,1906.250,305
29637.0,11625.000,1860
29643.0,4306.250,689
29671.0,4231.250,677
29679.0,10581.250,1693
29690.0,4300.000,688
29692.0,2818.750,451
29697.0,19606.250,3137
29739.0,2043.750,327
29744.0,21293.750,3407
29747.0,7543.750,1207
29767.0,3175.000,508
29834.0,2437.500,390
29843.0,12393.750,1983
29864.0,500.000,80
29927.0,4343.750,695
29935.0,593.750,95
30073.0,1025.000,164
30086.0,343.750,55
30092.0,643.750,103
30122.0,1512.500,242
30149.0,17343.750,2775
30194.0,662.500,106
30213.0,9000.000,1440
30330.0,1056.250,169
30333.0,21062.500,3370
30336.0,15268.750,2443
30354.0,7118.750,1139
30355.0,81.250,13
30373.0,1243.750,199
30374.0,406.250,65
30376.0,518.750,83
30381.0,11606.250,1857
30496.0,2856.250,457
30543.0,2081.250,333
30559.0,6393.750,1023
30643.0,20043.750,3207
30680.0,4143.750,663
30683.0,3362.500,538
30694.0,3031.250,485
30771.0,281.250,45
30882.0,1631.250,261
30888.0,15493.750,2479
30916.0,981.250,157
30937.0,3375.000,540
30943.0,21062.500,3370
30966.0,1112.500,178
31050.0,1437.500,230
31070.0,4956.250,793
31079.0,600.000,96
31099.0,1575.000,252
31123.0,5512.500,882
31290.0,1300.000,208
31295.0,306.250,49
31298.0,1625.000,260
31320.0,1825.000,292
31367.0,4987.500,798
31428.0,11481.250,1837
31448.0,5831.250,933
31453.0,343.750,55
31453.0,10531.250,1685
31462.0,5625.000,900
31492.0,1706.250,273
31543.0,706.250,113
31554.0,3162.500,506
31572.0,1812.500,290
31597.0,2643.750,423
31619.0,437.500,70
31651.0,19793.750,3167
31724.0,3606.250,577
31727.0,1687.500,270
31791.0,287.500,46
31879.0,4706.250,753
31888.0,15025.000,2404
32034.0,2675.000,428
32055.0,1237.500,198
32110.0,1406.250,225
32114.0,1637.500,262
32148.0,887.500,142
32162.0,9400.000,1504
32177.0,2600.000,416
32215.0,531.250,85
32255.0,2300.000,368
32272.0,1693.750,271
32324.0,2681.250,429
32359.0,225.000,36
32360.0,4150.000,664
32376.0,1325.000,212
32392.0,1131.250,181
32423.0,3356.250,537
32441.0,1668.750,267
32459.0,12525.000,2004
32473.0,431.250,69
32482.0,1400.000,224
32519.0,468.750,75
32526.0,1518.750,243
32543.0,1250.000,200
32545.0,2950.000,472
32634.0,3000.000,480
32657.0,1106.250,177
32729.0,10050.000,1608
32737.0,2362.500,378
32796.0,643.750,103
32819.0,24606.250,3937
32821.0,4837.500,774
32866.0,1237.500,198
32869.0,17662.500,2826
32883.0,11487.500,1838
32887.0,150.000,24
32919.0,381.250,61
32941.0,700.000,112
32957.0,531.250,85
32993.0,631.250,101
33038.0,21143.750,3383
33043.0,22081.250,3533
33110.0,837.500,134
33163.0,19987.500,3198
33192.0,756.250,121
33195.0,175.000,28
33204.0,175.000,28
33212.0,350.000,56
33235.0,1131.250,181
33237.0,20381.250,3261
33247.0,5512.500,882
33261.0,11225.000,1796
33287.0,281.250,45
33305.0,831.250,133
33317.0,3800.000,608
33435.0,1031.250,165
33436.0,2118.750,339
33492.0,1831.250,293
33508.0,4518.750,723
33538.0,2175.000,348
33542.0,393.750,63
33564.0,562.500,90
33586.0,837.500,134
33620.0,406.250,65
33636.0,5537.500,886
33713.0,1418.750,227
33718.0,1831.250,293
33758.0,21981.250,3517
33761.0,1643.750,263
33767.0,2068.750,331
33773.0,300.000,48
33780.0,331.250,53
33837.0,287.500,46
33843.0,23450.000,3752
33870.0,9287.500,1486
33907.0,1443.750,231
33921.0,22256.250,3561
33927.0,1368.750,219
33939.0,4331.250,693
33956.0,2100.000,336
33982.0,8937.500,1430
33987.0,3287.500,526
33990.0,900.000,144
34115.0,2525.000,404
34180.0,2287.500,366
34187.0,631.250,101
34195.0,10081.250,1613
34199.0,1768.750,283
34199.0,1418.750,227
34242.0,2506.250,401
34268.0,3743.750,599
34269.0,4762.500,762
34301.0,1456.250,233
34302.0,162.500,26
34323.0,1425.000,228
34333.0,4862.500,778
34353.0,4393.750,703
34354.0,1693.750,271
34355.0,19537.500,3126
34388.0,3943.750,631
34425.0,368.750,59
34428.0,7112.500,1138
34434.0,1312.500,210
34473.0,1143.750,183
34499.0,3475.000,556
34520.0,8837.500,1414
34560.0,1287.500,206
34591.0,106.250,17
34595.0,1406.250,225
34606.0,5443.750,871
34630.0,2918.750,467
34631.0,1262.500,202
34675.0,7068.750,1131
34678.0,4668.750,747
34709.0,1731.250,277
34738.0,2643.750,423
34752.0,5175.000,828
34753.0,22262.500,3562
34788.0,1893.750,303
34798.0,16550.000,2648
34892.0,1712.500,274
34905.0,16662.500,2666
34941.0,17468.750,2795
34955.0,8912.500,1426
34988.0,6293.750,1007
34995.0,931.250,149
34996.0,2975.000,476
34996.0,331.250,53
35019.0,2237.500,358
35085.0,2225.000,356
35111.0,1750.000,280
35133.0,5431.250,869
35142.0,918.750,147
35146.0,1837.500,294
35207.0,6437.500,1030
35255.0,2756.250,441
35264.0,400.000,64
35283.0,1100.000,176
35288.0,750.000,120
35311.0,3375.000,540
35430.0,5912.500,946
35480.0,2912.500,466
35532.0,1806.250,289
35534.0,7650.000,1224
35534.0,11900.000,1904
35615.0,150.000,24
35638.0,15150.000,2424
35642.0,24531.250,3925
35714.0,13181.250,2109
35800.0,875.000,140
35808.0,1343.750,215
35909.0,1393.750,223
35934.0,19368.750,3099
35978.0,5325.000,852
36020.0,11812.500,1890
36022.0,4668.750,747
36069.0,6931.250,1109
36082.0,1956.250,313
36084.0,1150.000,184
36092.0,13806.250,2209
36094.0,19981.250,3197
36170.0,1618.750,259
36172.0,4925.000,788
36176.0,4800.000,768
36187.0,931.250,149
36264.0,3356.250,537
36269.0,81.250,13
36276.0,162.500,26
36337.0,1868.750,299
36469.0,1118.750,179
36504.0,7893.750,1263
36530.0,3606.250,577
36583.0,112.500,18
36619.0,831.250,133
36621.0,9306.250,1489
36657.0,1550.000,248
36725.0,2131.250,341
36748.0,1475.000,236
36756.0,3231.250,517
36767.0,7100.000,1136
36783.0,1012.500,162
36834.0,1275.000,204
36868.0,143.750,23
36930.0,5037.500,806
36942.0,7062.500,1130
36970.0,5225.000,836
36982.0,17625.000,2820
36993.0,2325.000,372
37000.0,4350.000,696
37003.0,4587.500,734
37072.0,2475.000,396
37091.0,3587.500,574
37094.0,431.250,69
37118.0,3175.000,508
37120.0,1525.000,244
37158.0,6662.500,1066
37246.0,1325.000,212
37260.0,6575.000,1052
37265.0,18712.500,2994
37352.0,537.500,86
37390.0,1887.500,302
37399.0,150.000,24
37412.0,1418.750,227
37419.0,13368.750,2139
37437.0,875.000,140
37441.0,3881.250,621
37444.0,2431.250,389
37456.0,3593.750,575
37466.0,2425.000,388
37472.0,2793.750,447
37482.0,8600.000,1376
37567.0,337.500,54
37613.0,11668.750,1867
37632.0,23356.250,3737
37636.0,225.000,36
37641.0,9525.000,1524
37684.0,1693.750,271
37699.0,525.000,84
37709.0,500.000,80
37743.0,2387.500,382
37756.0,843.750,135
37766.0,8756.250,1401
37918.0,925.000,148
37975.0,3212.500,514
37977.0,137.500,22
37987.0,4000.000,640
38008.0,19406.250,3105
38013.0,1581.250,253
38047.0,693.750,111
38095.0,293.750,47
38095.0,375.000,60
38140.0,13356.250,2137
38147.0,850.000,136
38159.0,525.000,84
38224.0,1243.750,199
38268.0,9293.750,1487
38268.0,1550.000,248
38290.0,7931.250,1269
38291.0,4706.250,753
38298.0,1468.750,235
38324.0,2512.500,402
38337.0,3568.750,571
38376.0,3137.500,502
38450.0,10050.000,1608
38468.0,1837.500,294
38524.0,1900.000,304
38576.0,21018.750,3363
38592.0,931.250,149
38597.0,287.500,46
38602.0,25225.000,4036
38615.0,1018.750,163
38615.0,1443.750,231
38650.0,1050.000,168
38669.0,3425.000,548
38727.0,112.500,18
38740.0,181.250,29
38829.0,1550.000,248
38857.0,19975.000,3196
38868.0,1025.000,164
38880.0,1593.750,255
38916.0,1362.500,218
38924.0,1362.500,218
38928.0,22943.750,3671
38989.0,212.500,34
38998.0,1237.500,198
39004.0,518.750,83
39007.0,668.750,107
39067.0,2331.250,373
39088.0,231.250,37
39092.0,731.250,117
39101.0,100.000,16
39185.0,5412.500,866
39199.0,25487.500,4078
39209.0,23556.250,3769
39246.0,7725.000,1236
39279.0,20943.750,3351
39321.0,512.500,82
39370.0,256.250,41
39385.0,3562.500,570
39420.0,4018.750,643
39424.0,3575.000,572
39487.0,2431.250,389
39534.0,3762.500,602
39578.0,1587.500,254
39695.0,3968.750,635
39799.0,4831.250,773
39809.0,2312.500,370
39840.0,3437.500,550
39846.0,218.750,35
39856.0,3593.750,575
39923.0,2012.500,322
39937.0,837.500,134
39948.0,5768.750,923
39969.0,481.250,77
40043.0,2568.750,411
40053.0,3200.000,512
40130.0,118.750,19
40150.0,1656.250,265
40156.0,2593.750,415
40172.0,118.750,19
40184.0,1412.500,226
40191.0,581.250,93
40302.0,537.500,86
40303.0,2812.500,450
40329.0,12037.500,1926
40368.0,2331.250,373
40377.0,212.500,34
40379.0,12406.250,1985
40380.0,450.000,72
40398.0,4443.750,711
40434.0,1225.000,196
40436.0,237.500,38
40455.0,10131.250,1621
40514.0,8987.500,1438
40566.0,15650.000,2504
40568.0,4562.500,730
40569.0,16443.750,2631
40599.0,1168.750,187
40628.0,12212.500,1954
40692.0,2243.750,359
40707.0,168.750,27
40709.0,125.000,20
40723.0,218.750,35
40731.0,1050.000,168
40748.0,9400.000,1504
40770.0,1043.750,167
40774.0,3650.000,584
40781.0,900.000,144
40789.0,1600.000,256
40794.0,2393.750,383
40803.0,450.000,72
40810.0,1825.000,292
40814.0,950.000,152
40837.0,4593.750,735
40843.0,987.500,158
40844.0,737.500,118
40844.0,7818.750,1251
40924.0,3968.750,635
40926.0,1800.000,288
40950.0,650.000,104
40960.0,1456.250,233
41084.0,81.250,13
41103.0,2731.250,437
41118.0,793.750,127
41127.0,9312.500,1490
41160.0,450.000,72
41188.0,1531.250,245
41239.0,15312.500,2450
41256.0,20731.250,3317
41366.0,1600.000,256
41423.0,21443.750,3431
41435.0,106.250,17
41503.0,1106.250,177
41578.0,943.750,151
41585.0,3506.250,561
41602.0,881.250,141
41611.0,1506.250,241
41663.0,1625.000,260
41686.0,16550.000,2648
41761.0,2800.000,448
41800.0,17993.750,2879
41801.0,2393.750,383
41808.0,231.250,37
41811.0,337.500,54
41900.0,625.000,100
41913.0,1850.000,296
42019.0,1750.000,280
42031.0,912.500,146
42034.0,1150.000,184
42048.0,925.000,148
42100.0,3862.500,618
42151.0,612.500,98
42165.0,2918.750,467
42197.0,15525.000,2484
42217.0,2493.750,399
42228.0,137.500,22
42279.0,1112.500,178
42291.0,1450.000,232
42301.0,22425.000,3588
42332.0,12568.750,2011
42345.0,9143.750,1463
42414.0,3762.500,602
42432.0,1875.000,300
42458.0,22025.000,3524
42534.0,300.000,48
42585.0,3500.000,560
42608.0,1875.000,300
42620.0,4325.000,692
42671.0,350.000,56
42690.0,10037.500,1606
42749.0,1131.250,181
42760.0,606.250,97
42783.0,531.250,85
42788.0,2312.500,370
42822.0,6275.000,1004
42844.0,21356.250,3417
42862.0,13781.250,2205
42906.0,9837.500,1574
42931.0,356.250,57
42976.0,231.250,37
43031.0,4056.250,649
43034.0,1056.250,169
43057.0,14093.750,2255
43084.0,381.250,61
43095.0,2543.750,407
43112.0,331.250,53
43127.0,1562.500,250
43185.0,831.250,133
43213.0,1762.500,282
43234.0,1518.750,243
43244.0,12556.250,2009
43304.0,868.750,139
43324.0,11218.750,1795
43338.0,275.000,44
43532.0,993.750,159
43593.0,9162.500,1466
43608.0,262.500,42
43639.0,2012.500,322
43642.0,206.250,33
43644.0,437.500,70
43654.0,856.250,137
43694.0,10725.000,1716
43827.0,900.000,144
43865.0,8800.000,1408
43866.0,2593.750,415
43901.0,1687.500,270
43922.0,175.000,28
43927.0,1400.000,224
43999.0,1356.250,217
44008.0,1637.500,262
44052.0,23950.000,3832
44075.0,962.500,154
44186.0,8787.500,1406
44207.0,925.000,148
44221.0,1168.750,187
44227.0,1481.250,237
44247.0,3118.750,499
44292.0,1656.250,265
44292.0,4793.750,767
44336.0,17187.500,2750
44339.0,3631.250,581
44344.0,15200.000,2432
44345.0,1493.750,239
44355.0,3531.250,565
44359.0,343.750,55
44360.0,2043.750,327
44371.0,2656.250,425
44375.0,1950.000,312
44417.0,1393.750,223
44468.0,950.000,152
44478.0,912.500,146
44553.0,368.750,59
44559.0,1031.250,165
44568.0,1412.500,226
44586.0,387.500,62
44600.0,1237.500,198
44607.0,750.000,120
44614.0,712.500,114
44621.0,6856.250,1097
44638.0,2725.000,436
44640.0,1037.500,166
44647.0,1337.500,214
44676.0,1018.750,163
44707.0,6650.000,1064
44746.0,400.000,64
44746.0,1312.500,210
44762.0,2656.250,425
44816.0,4662.500,746
44820.0,7112.500,1138
44826.0,6325.000,1012
44840.0,5193.750,831
44848.0,806.250,129
44895.0,137.500,22
44916.0,1668.750,267
44973.0,20418.750,3267
45020.0,2181.250,349
45061.0,381.250,61
45083.0,481.250,77
45096.0,5056.250,809
45205.0,937.500,150
45262.0,23743.750,3799
45301.0,2981.250,477
45308.0,1806.250,289
45313.0,7206.250,1153
45317.0,2018.750,323
45440.0,5875.000,940
45481.0,10856.250,1737
45486.0,293.750,47
45487.0,687.500,110
45515.0,4693.750,751
45536.0,21537.500,3446
45539.0,4731.250,757
45543.0,3318.750,531
45589.0,3812.500,610
45591.0,1462.500,234
45611.0,8675.000,1388
45622.0,24581.250,3933
45639.0,10137.500,1622
45668.0,2575.000,412
45680.0,2425.000,388
45726.0,2250.000,360
45788.0,718.750,115
45803.0,1393.750,223
45812.0,2625.000,420
45820.0,2262.500,362
45831.0,1062.500,170
45838.0,5262.500,842
45897.0,9931.250,1589
45899.0,762.500,122
45906.0,6687.500,1070
45927.0,1918.750,307
45953.0,800.000,128
45998.0,468.750,75
46042.0,662.500,106
46107.0,1956.250,313
46107.0,2143.750,343
46176.0,887.500,142
46181.0,6775.000,1084
46182.0,1806.250,289
46208.0,556.250,89
46259.0,2418.750,387
46280.0,3562.500,570
46315.0,200.000,32
46340.0,3225.000,516
46349.0,23150.000,3704
46403.0,437.500,70
46418.0,1712.500,274
46419.0,24906.250,3985
46466.0,3425.000,548
46493.0,16025.000,2564
46514.0,975.000,156
46536.0,225.000,36
46558.0,2162.500,346
46558.0,3937.500,630
46576.0,11800.000,1888
46587.0,3100.000,496
46619.0,23537.500,3766
46632.0,2175.000,348
46694.0,3093.750,495
46701.0,1918.750,307
46748.0,781.250,125
46773.0,268.750,43
46780.0,3987.500,638
46784.0,218.750,35
46794.0,1543.750,247
46812.0,443.750,71
46820.0,22956.250,3673
46837.0,6893.750,1103
46850.0,18787.500,3006
46894.0,4706.250,753
46943.0,593.750,95
46962.0,2306.250,369
46999.0,593.750,95
47001.0,2712.500,434
47025.0,3593.750,575
47039.0,1406.250,225
47068.0,100.000,16
47102.0,462.500,74
47123.0,1968.750,315
47128.0,625.000,100
47133.0,100.000,16
47136.0,275.000,44
47158.0,2181.250,349
47162.0,112.500,18
47165.0,256.250,41
47183.0,5862.500,938
47207.0,4056.250,649
47246.0,1575.000,252
47249.0,22175.000,3548
47250.0,23531.250,3765
47250.0,2406.250,385
47272.0,212.500,34
47276.0,706.250,113
47299.0,306.250,49
47300.0,562.500,90
47334.0,25062.500,4010
47343.0,862.500,138
47348.0,25450.000,4072
47365.0,8393.750,1343
47399.0,2293.750,367
47412.0,5206.250,833
47476.0,1343.750,215
47490.0,2800.000,448
47518.0,718.750,115
47526.0,7662.500,1226
47552.0,262.500,42
47578.0,1650.000,264
47589.0,362.500,58
47595.0,987.500,158
47631.0,162.500,26
47633.0,22387.500,3582
47687.0,300.000,48
47698.0,225.000,36
47785.0,2375.000,380
47786.0,893.750,143
47788.0,225.000,36
47827.0,4543.750,727
47872.0,175.000,28
47874.0,15656.250,2505
47882.0,13700.000,2192
47890.0,16075.000,2572
47905.0,550.000,88
47978.0,1256.250,201
47990.0,4656.250,745
48032.0,475.000,76
48040.0,731.250,117
48141.0,1587.500,254
48150.0,6643.750,1063
48168.0,2450.000,392
48170.0,962.500,154
48184.0,2312.500,370
48194.0,587.500,94
48227.0,6025.000,964
48290.0,1618.750,259
48295.0,4193.750,671
48320.0,193.750,31
48504.0,868.750,139
48508.0,187.500,30
48521.0,7525.000,1204
48557.0,1693.750,271
48583.0,2356.250,377
48609.0,4612.500,738
48609.0,1925.000,308
48618.0,3006.250,481
48648.0,206.250,33
48649.0,2568.750,411
48658.0,4287.500,686
48681.0,1137.500,182
48707.0,125.000,20
48710.0,1462.500,234
48736.0,881.250,141
48747.0,1868.750,299
48755.0,293.750,47
48876.0,8425.000,1348
48879.0,13593.750,2175
48896.0,156.250,25
48913.0,22475.000,3596
48940.0,106.250,17
48953.0,250.000,40
48957.0,1806.250,289
48971.0,17325.000,2772
48995.0,14993.750,2399
49026.0,1950.000,312
49037.0,393.750,63
49065.0,2518.750,403
49116.0,406.250,65
49167.0,14381.250,2301
49197.0,7018.750,1123
49282.0,3031.250,485
49301.0,475.000,76
49335.0,1256.250,201
49385.0,9587.500,1534
49475.0,956.250,153
49477.0,718.750,115
49537.0,1400.000,224
49560.0,1012.500,162
49583.0,193.750,31
49610.0,1637.500,262
49620.0,1293.750,207
49628.0,12331.250,1973
49638.0,9287.500,1486
49694.0,4706.250,753
49699.0,1212.500,194
49700.0,1787.500,286
49761.0,15418.750,2467
49821.0,368.750,59
49823.0,168.750,27
49871.0,443.750,71
49894.0,1262.500,202
49954.0,3950.000,632
49976.0,7675.000,1228
50029.0,1543.750,247
50044.0,806.250,129
50064.0,381.250,61
50082.0,15425.000,2468
50083.0,5150.000,824
50083.0,381.250,61
50152.0,2837.500,454
50180.0,3393.750,543
50211.0,1112.500,178
50227.0,9931.250,1589
50245.0,1981.250,317
50321.0,1281.250,205
50355.0,2031.250,325
50395.0,2287.500,366
50396.0,2681.250,429
50446.0,968.750,155
50458.0,21706.250,3473
50464.0,437.500,70
50472.0,1662.500,266
50532.0,225.000,36
50542.0,10250.000,1640
50556.0,200.000,32
50569.0,193.750,31
50616.0,1068.750,171
50634.0,1137.500,182
50635.0,2618.750,419
50646.0,10743.750,1719
50647.0,350.000,56
50683.0,11062.500,1770
50712.0,1281.250,205
50794.0,18631.250,2981
50841.0,4543.750,727
50843.0,725.000,116
50853.0,4843.750,775
50854.0,13693.750,2191
50881.0,4312.500,690
50885.0,1568.750,251
50890.0,7712.500,1234
50899.0,1000.000,160
50906.0,806.250,129
50921.0,2756.250,441
51013.0,9993.750,1599
51052.0,10912.500,1746
51077.0,618.750,99
51084.0,1487.500,238
51097.0,13931.250,2229
51148.0,3093.750,495
51149.0,4318.750,691
51166.0,2168.750,347
51254.0,20900.000,3344
51259.0,11137.500,1782
51261.0,19625.000,3140
51302.0,900.000,144
51302.0,3150.000,504
51347.0,218.750,35
51404.0,2331.250,373
51446.0,1143.750,183
51465.0,7837.500,1254
51490.0,3743.750,599
51497.0,1350.000,216
51501.0,4300.000,688
51543.0,1393.750,223
51578.0,7018.750,1123
51586.0,550.000,88
51623.0,2318.750,371
51647.0,17687.500,2830
51657.0,2887.500,462
51690.0,2268.750,363
51745.0,1331.250,213
51768.0,12818.750,2051
51798.0,8493.750,1359
51838.0,18650.000,2984
51885.0,3031.250,485
51919.0,256.250,41
51940.0,831.250,133
51970.0,1506.250,241
52008.0,2900.000,464
52014.0,9862.500,1578
52016.0,7237.500,1158
52076.0,9037.500,1446
52080.0,3262.500,522
52089.0,181.250,29
52102.0,21818.750,3491
52108.0,15593.750,2495
52109.0,200.000,32
52110.0,1043.750,167
52113.0,2262.500,362
52183.0,1650.000,264
52218.0,1337.500,214
52221.0,12243.750,1959
52249.0,1093.750,175
52290.0,4050.000,648
52380.0,656.250,105
52441.0,12406.250,1985
52523.0,2162.500,346
52534.0,306.250,49
52600.0,1762.500,282
52658.0,725.000,116
52687.0,1700.000,272
52700.0,912.500,146
52702.0,837.500,134
52748.0,1137.500,182
52788.0,4487.500,718
52811.0,1375.000,220
52813.0,1693.750,271
52891.0,5043.750,807
52955.0,1037.500,166
52960.0,6875.000,1100
53049.0,3125.000,500
53053.0,456.250,73
53056.0,1675.000,268
53070.0,1018.750,163
53178.0,706.250,113
53186.0,1950.000,312
53192.0,15700.000,2512
53199.0,1475.000,236
53251.0,743.750,119
53292.0,1162.500,186
53305.0,11412.500,1826
53349.0,112.500,18
53362.0,9237.500,1478
53386.0,1256.250,201
53410.0,1600.000,256
53431.0,1112.500,178
53542.0,1337.500,214
53548.0,531.250,85
53565.0,19287.500,3086
53628.0,5750.000,920
53669.0,13968.750,2235
53750.0,1350.000,216
53806.0,131.250,21
53832.0,1506.250,241
53848.0,3200.000,512
53853.0,3800.000,608
53909.0,4718.750,755
53934.0,3937.500,630
53987.0,3175.000,508
53992.0,375.000,60
53993.0,2781.250,445
54013.0,2056.250,329
54042.0,7950.000,1272
54058.0,3925.000,628
54076.0,1125.000,180
54134.0,6068.750,971
54153.0,1506.250,241
54156.0,493.750,79
54160.0,10693.750,1711
54171.0,2481.250,397
54175.0,737.500,118
54177.0,5181.250,829
54200.0,18756.250,3001
54234.0,1512.500,242
54345.0,2493.750,399
54408.0,1143.750,183
54411.0,9700.000,1552
54419.0,1775.000,284
54483.0,4212.500,674
54549.0,9156.250,1465
54561.0,162.500,26
54707.0,287.500,46
54747.0,23581.250,3773
54808.0,21693.750,3471
54845.0,8750.000,1400
54854.0,537.500,86
54862.0,3918.750,627
54948.0,6981.250,1117
54972.0,2662.500,426
54988.0,3350.000,536
55042.0,1762.500,282
55066.0,100.000,16
55071.0,1143.750,183
55081.0,2456.250,393
55160.0,1643.750,263
55168.0,1056.250,169
55169.0,6362.500,1018
55191.0,1700.000,272
55194.0,6318.750,1011
55260.0,787.500,126
55278.0,437.500,70
55283.0,318.750,51
55310.0,2337.500,374
55361.0,13062.500,2090
55396.0,1493.750,239
55441.0,693.750,111
55464.0,12656.250,2025
55526.0,9293.750,1487
55531.0,425.000,68
55594.0,16331.250,2613
55626.0,281.250,45
55634.0,2356.250,377
55644.0,562.500,90
55695.0,587.500,94
55698.0,3700.000,592
55751.0,4037.500,646
55767.0,281.250,45
55831.0,362.500,58
55841.0,1050.000,168
55900.0,3193.750,511
55937.0,1712.500,274
55958.0,2993.750,479
56006.0,2212.500,354
56006.0,612.500,98
56014.0,6050.000,968
56021.0,568.750,91
56022.0,4093.750,655
56025.0,24000.000,3840
56036.0,1393.750,223
56075.0,2087.500,334
56089.0,1950.000,312
56101.0,2481.250,397
56107.0,818.750,131
56148.0,1806.250,289
56201.0,518.750,83
56234.0,4312.500,690
56263.0,4887.500,782
56284.0,1387.500,222
56304.0,10025.000,1604
56313.0,337.500,54
56343.0,456.250,73
56358.0,1212.500,194
56380.0,775.000,124
56386.0,987.500,158
56506.0,606.250,97
56521.0,437.500,70
56542.0,15387.500,2462
56552.0,1887.500,302
56575.0,2987.500,478
56582.0,22931.250,3669
56587.0,800.000,128
56636.0,975.000,156
56643.0,1525.000,244
56787.0,568.750,91
56797.0,1350.000,216
56807.0,2875.000,460
56818.0,6556.250,1049
56835.0,906.250,145
56854.0,6881.250,1101
56868.0,1581.250,253
56873.0,2775.000,444
56924.0,3506.250,561
56944.0,4037.500,646
56960.0,137.500,22
56969.0,6600.000,1056
56976.0,1668.750,267
56979.0,475.000,76
56991.0,2287.500,366
57032.0,781.250,125
57058.0,862.500,138
57060.0,762.500,122
57113.0,112.500,18
57118.0,112.500,18
57138.0,700.000,112
57180.0,11687.500,1870
57195.0,2775.000,444
57222.0,612.500,98
57244.0,1356.250,217
57273.0,200.000,32
57305.0,150.000,24
57308.0,318.750,51
57324.0,893.750,143
57386.0,2193.750,351
57433.0,16650.000,2664
57448.0,2212.500,354
57455.0,3418.750,547
57460.0,393.750,63
57499.0,3543.750,567
57506.0,1575.000,252
57516.0,1031.250,165
57579.0,3581.250,573
57611.0,3700.000,592
57616.0,1018.750,163
57621.0,1787.500,286
57629.0,1468.750,235
57667.0,11887.500,1902
57685.0,1487.500,238
57689.0,437.500,70
57794.0,431.250,69
57822.0,1156.250,185
57946.0,556.250,89
57951.0,3212.500,514
57964.0,1700.000,272
57970.0,13775.000,2204
57991.0,262.500,42
58011.0,3718.750,595
58064.0,1618.750,259
58064.0,81.250,13
58167.0,881.250,141
58220.0,893.750,143
58224.0,1218.750,195
58237.0,762.500,122
58272.0,387.500,62
58310.0,22956.250,3673
58349.0,1762.500,282
58385.0,1537.500,246
58432.0,8637.500,1382
58439.0,1800.000,288
58471.0,300.000,48
58472.0,1325.000,212
58484.0,350.000,56
58512.0,606.250,97
58526.0,16262.500,2602
58548.0,1637.500,262
58553.0,975.000,156
58553.0,2193.750,351
58563.0,375.000,60
58594.0,1987.500,318
58664.0,231.250,37
58699.0,1400.000,224
58755.0,15262.500,2442
58765.0,20568.750,3291
58779.0,3606.250,577
58785.0,10637.500,1702
58843.0,3762.500,602
58849.0,23518.750,3763
58883.0,2618.750,419
58892.0,231.250,37
58928.0,100.000,16
58928.0,437.500,70
58936.0,175.000,28
58952.0,1075.000,172
58956.0,687.500,110
58974.0,6325.000,1012
58994.0,1762.500,282
59001.0,5618.750,899
59029.0,106.250,17
59095.0,675.000,108
59101.0,825.000,132
59108.0,2306.250,369
59115.0,350.000,56
59146.0,2275.000,364
59164.0,1587.500,254
59193.0,1068.750,171
59246.0,6843.750,1095
59249.0,16562.500,2650
59315.0,8843.750,1415
59336.0,1225.000,196
59342.0,1893.750,303
59392.0,112.500,18
59423.0,3406.250,545
59459.0,2293.750,367
59485.0,9406.250,1505
59534.0,2750.000,440
59545.0,2081.250,333
59557.0,1468.750,235
59629.0,743.750,119
59635.0,14737.500,2358
59655.0,1050.000,168
59723.0,9818.750,1571
59728.0,775.000,124
59758.0,2650.000,424
59768.0,2081.250,333
59829.0,5600.000,896
60014.0,19093.750,3055
60048.0,3193.750,511
60081.0,512.500,82
60094.0,243.750,39
60117.0,14818.750,2371
60132.0,1831.250,293
60140.0,425.000,68
60146.0,3450.000,552
60177.0,1868.750,299
60177.0,581.250,93
60186.0,1987.500,318
60208.0,2775.000,444
60213.0,1450.000,232
60231.0,1200.000,192
60260.0,10012.500,1602
60285.0,1918.750,307
60292.0,931.250,149
60320.0,1493.750,239
60333.0,4137.500,662
60358.0,375.000,60
60383.0,3675.000,588
60454.0,175.000,28
60472.0,387.500,62
60524.0,2843.750,455
60569.0,1793.750,287
60621.0,268.750,43
60660.0,12850.000,2056
60664.0,637.500,102
60720.0,131.250,21
60734.0,2125.000,340
60741.0,393.750,63
60818.0,662.500,106
60858.0,19050.000,3048
60872.0,5793.750,927
60886.0,1450.000,232
60913.0,15956.250,2553
60926.0,1693.750,271
60955.0,3887.500,622
60980.0,1106.250,177
60987.0,425.000,68
61007.0,4206.250,673
61020.0,1112.500,178
61025.0,8450.000,1352
61040.0,16537.500,2646
61077.0,1375.000,220
61112.0,17425.000,2788
61149.0,106.250,17
61154.0,25031.250,4005
61156.0,543.750,87
61189.0,2187.500,350
61196.0,612.500,98
61198.0,218.750,35
61267.0,568.750,91
61314.0,81.250,13
61365.0,975.000,156
61406.0,2856.250,457
61409.0,375.000,60
61410.0,493.750,79
61417.0,5418.750,867
61452.0,2781.250,445
61453.0,525.000,84
61464.0,806.250,129
61476.0,1768.750,283
61596.0,3050.000,488
61686.0,4768.750,763
61713.0,981.250,157
61738.0,2531.250,405
61751.0,737.500,118
61764.0,518.750,83
61774.0,925.000,148
61791.0,2593.750,415
61797.0,3562.500,570
61806.0,218.750,35
61830.0,4512.500,722
61838.0,13350.000,2136
61869.0,3318.750,531
61907.0,543.750,87
61949.0,2856.250,457
61952.0,487.500,78
61952.0,4143.750,663
61986.0,462.500,74
62004.0,325.000,52
62006.0,1018.750,163
62006.0,5081.250,813
62022.0,12893.750,2063
62050.0,4312.500,690
62054.0,193.750,31
62062.0,3643.750,583
62107.0,20218.750,3235
62115.0,337.500,54
62170.0,24375.000,3900
62188.0,4756.250,761
62203.0,675.000,108
62226.0,743.750,119
62229.0,2162.500,346
62238.0,4981.250,797
62279.0,2037.500,326
62328.0,2675.000,428
62335.0,2837.500,454
62338.0,225.000,36
62354.0,537.500,86
62391.0,381.250,61
62407.0,7162.500,1146
62534.0,318.750,51
62600.0,856.250,137
62629.0,137.500,22
62641.0,1712.500,274
62699.0,400.000,64
62756.0,1256.250,201
62797.0,137.500,22
62823.0,11900.000,1904
62826.0,1606.250,257
62898.0,3500.000,560
62901.0,562.500,90
62902.0,14500.000,2320
62991.0,2712.500,434
63003.0,23456.250,3753
63013.0,1356.250,217
63097.0,17150.000,2744
63108.0,1218.750,195
63142.0,19987.500,3198
63142.0,8918.750,1427
63162.0,575.000,92
63199.0,337.500,54
63206.0,1043.750,167
63232.0,25143.750,4023
63305.0,1918.750,307
63310.0,3256.250,521
63332.0,1712.500,274
63334.0,1343.750,215
63386.0,4181.250,669
63397.0,87.500,14
63410.0,1618.750,259
63421.0,4468.750,715
63443.0,2556.250,409
63452.0,1475.000,236
63474.0,1662.500,266
63515.0,93.750,15
63532.0,13343.750,2135
63650.0,6518.750,1043
63654.0,4275.000,684
63667.0,1193.750,191
63671.0,6468.750,1035
63689.0,156.250,25
63703.0,206.250,33
63712.0,1112.500,178
63720.0,400.000,64
63765.0,1343.750,215
63786.0,2556.250,409
63850.0,2800.000,448
63860.0,1887.500,302
63889.0,800.000,128
63893.0,731.250,117
63896.0,2006.250,321
63907.0,1025.000,164
63936.0,18243.750,2919
63944.0,2950.000,472
64000.0,19000.000,3040
64026.0,8875.000,1420
64103.0,3756.250,601
64110.0,243.750,39
64154.0,768.750,123
64205.0,212.500,34
64232.0,1456.250,233
64249.0,237.500,38
64278.0,4893.750,783
64327.0,17556.250,2809
64344.0,4481.250,717
64401.0,2543.750,407
64466.0,756.250,121
64481.0,7981.250,1277
64489.0,2181.250,349
64565.0,1531.250,245
64594.0,750.000,120
64597.0,1750.000,280
64642.0,1012.500,162
64669.0,4931.250,789
64671.0,743.750,119
64685.0,618.750,99
64708.0,275.000,44
64713.0,4668.750,747
64715.0,106.250,17
64722.0,181.250,29
64754.0,893.750,143
64763.0,4618.750,739
64822.0,1456.250,233
64850.0,81.250,13
64861.0,1700.000,272
64924.0,1031.250,165
64930.0,918.750,147
64956.0,256.250,41
64956.0,4837.500,774
64972.0,2587.500,414
64993.0,7962.500,1274
65005.0,13687.500,2190
65010.0,543.750,87
65091.0,775.000,124
65092.0,4612.500,738
65112.0,781.250,125
65127.0,312.500,50
65157.0,3862.500,618
65180.0,22218.750,3555
65202.0,21600.000,3456
65223.0,4200.000,672
65349.0,3150.000,504
65364.0,1381.250,221
65375.0,3237.500,518
65379.0,562.500,90
65430.0,6406.250,1025
65444.0,1656.250,265
65551.0,6337.500,1014
65575.0,1881.250,301
65600.0,81.250,13
65660.0,712.500,114
65771.0,681.250,109
65787.0,812.500,130
65792.0,368.750,59
65809.0,187.500,30
65847.0,2406.250,385
65868.0,2406.250,385
65870.0,118.750,19
65873.0,493.750,79
65882.0,12425.000,1988
65901.0,12093.750,1935
65934.0,2187.500,350
65945.0,6900.000,1104
65949.0,968.750,155
65962.0,431.250,69
66002.0,1787.500,286
66040.0,2556.250,409
66048.0,5943.750,951
66128.0,5393.750,863
66154.0,131.250,21
66181.0,5737.500,918
66188.0,4843.750,775
66196.0,581.250,93
66214.0,6481.250,1037
66218.0,881.250,141
66282.0,137.500,22
66295.0,193.750,31
66297.0,1200.000,192
66302.0,1156.250,185
66367.0,10337.500,1654
66384.0,1043.750,167
66421.0,1581.250,253
66453.0,1275.000,204
66475.0,825.000,132
66522.0,7312.500,1170
66587.0,581.250,93
66600.0,500.000,80
66655.0,1718.750,275
66687.0,812.500,130
66688.0,6106.250,977
66782.0,21531.250,3445
66783.0,1612.500,258
66793.0,2843.750,455
66799.0,393.750,63
66809.0,1443.750,231
66841.0,5156.250,825
66843.0,3712.500,594
66858.0,337.500,54
66898.0,337.500,54
66915.0,1656.250,265
67006.0,18018.750,2883
67032.0,6868.750,1099
67054.0,6600.000,1056
67122.0,5443.750,871
67137.0,11862.500,1898
67142.0,3950.000,632
67145.0,2656.250,425
67172.0,937.500,150
67235.0,93.750,15
67247.0,12887.500,2062
67292.0,1075.000,172
67340.0,1737.500,278
67351.0,593.750,95
67375.0,1406.250,225
67423.0,2125.000,340
67443.0,281.250,45
67465.0,3062.500,490
67511.0,912.500,146
67575.0,3593.750,575
67655.0,3243.750,519
67660.0,2387.500,382
67680.0,868.750,139
67686.0,2643.750,423
67718.0,16893.750,2703
67781.0,4043.750,647
67812.0,700.000,112
67822.0,2256.250,361
67842.0,13862.500,2218
67874.0,5918.750,947
67903.0,381.250,61
67916.0,187.500,30
67927.0,1287.500,206
67974.0,2462.500,394
68030.0,1300.000,208
68047.0,16593.750,2655
68087.0,987.500,158
68088.0,1968.750,315
68119.0,17993.750,2879
68124.0,2887.500,462
68125.0,8281.250,1325
68138.0,25237.500,4038
68185.0,2187.500,350
68200.0,3062.500,490
68294.0,937.500,150
68388.0,1000.000,160
68396.0,6618.750,1059
68404.0,3137.500,502
68415.0,637.500,102
68419.0,537.500,86
68426.0,7893.750,1263
68427.0,1356.250,217
68437.0,25437.500,4070
68443.0,4187.500,670
68553.0,1625.000,260
68631.0,706.250,113
68635.0,243.750,39
68641.0,22175.000,3548
68717.0,137.500,22
68729.0,1706.250,273
68736.0,6962.500,1114
68737.0,2212.500,354
68741.0,6156.250,985
68751.0,6125.000,980
68763.0,1700.000,272
68779.0,2093.750,335
68779.0,1643.750,263
68781.0,2181.250,349
68787.0,3237.500,518
68816.0,2687.500,430
68882.0,1231.250,197
69007.0,2562.500,410
69086.0,925.000,148
69106.0,1531.250,245
69109.0,375.000,60
69120.0,3956.250,633
69129.0,1950.000,312
69133.0,25243.750,4039
69169.0,625.000,100
69193.0,1025.000,164
69198.0,1781.250,285
69293.0,11525.000,1844
69331.0,918.750,147
69351.0,5725.000,916
69375.0,1331.250,213
69380.0,24675.000,3948
69389.0,212.500,34
69419.0,1125.000,180
69529.0,531.250,85
69592.0,3112.500,498
69609.0,3068.750,491
69643.0,1387.500,222
69660.0,843.750,135
69686.0,1287.500,206
69703.0,6331.250,1013
69714.0,2537.500,406
69741.0,1393.750,223
69749.0,225.000,36
69769.0,337.500,54
69777.0,337.500,54
69786.0,1862.500,298
69789.0,1243.750,199
69825.0,1431.250,229
69828.0,518.750,83
69875.0,175.000,28
69909.0,1518.750,243
69911.0,2356.250,377
69923.0,2212.500,354
69959.0,24531.250,3925
69971.0,706.250,113
69995.0,22037.500,3526
70004.0,893.750,143
70068.0,12931.250,2069
70102.0,22956.250,3673
70109.0,818.750,131
70192.0,1256.250,201
70197.0,1812.500,290
70204.0,2168.750,347
70222.0,10581.250,1693
70272.0,11468.750,1835
70302.0,2106.250,337
70342.0,393.750,63
70358.0,24556.250,3929
70430.0,1668.750,267
70434.0,356.250,57
70463.0,10581.250,1693
70465.0,825.000,132
70480.0,850.000,136
70534.0,1850.000,296
70556.0,2837.500,454
70559.0,2075.000,332
70576.0,1818.750,291
70610.0,3206.250,513
70663.0,4543.750,727
70685.0,4706.250,753
70700.0,2287.500,366
70728.0,243.750,39
70735.0,337.500,54
70747.0,506.250,81
70815.0,23831.250,3813
70816.0,6943.750,1111
70866.0,16087.500,2574
70867.0,10131.250,1621
70871.0,262.500,42
70977.0,712.500,114
71025.0,212.500,34
71088.0,9125.000,1460
71132.0,1193.750,191
71135.0,387.500,62
71159.0,14200.000,2272
71169.0,1362.500,218
71219.0,1912.500,306
71235.0,12468.750,1995
71245.0,843.750,135
71310.0,4106.250,657
71367.0,6693.750,1071
71406.0,1262.500,202
71433.0,3325.000,532
71493.0,7143.750,1143
71619.0,4212.500,674
71736.0,3675.000,588
71771.0,1331.250,213
71771.0,18443.750,2951
71779.0,4187.500,670
71810.0,262.500,42
71884.0,1750.000,280
71903.0,3481.250,557
71918.0,225.000,36
71931.0,437.500,70
71940.0,2043.750,327
71979.0,1993.750,319
72028.0,19312.500,3090
72068.0,23125.000,3700
72143.0,2243.750,359
72202.0,581.250,93
72253.0,668.750,107
72273.0,1456.250,233
72289.0,1600.000,256
72372.0,806.250,129
72407.0,143.750,23
72415.0,3568.750,571
72435.0,7087.500,1134
72436.0,2850.000,456
72438.0,5987.500,958
72454.0,1756.250,281
72476.0,718.750,115
72489.0,7556.250,1209
72570.0,2512.500,402
72593.0,387.500,62
72614.0,3843.750,615
72617.0,843.750,135
72631.0,2043.750,327
72631.0,6931.250,1109
72640.0,6906.250,1105
72653.0,681.250,109
72655.0,787.500,126
72696.0,3418.750,547
72701.0,781.250,125
72811.0,4256.250,681
72828.0,4637.500,742
72884.0,918.750,147
72887.0,2012.500,322
72932.0,2343.750,375
72957.0,6493.750,1039
72984.0,2950.000,472
73006.0,2337.500,374
73039.0,581.250,93
73063.0,3100.000,496
73080.0,1900.000,304
73147.0,1056.250,169
73193.0,2587.500,414
73215.0,800.000,128
73218.0,206.250,33
73221.0,25375.000,4060
73259.0,1493.750,239
73260.0,1606.250,257
73265.0,15312.500,2450
73317.0,19275.000,3084
73337.0,462.500,74
73338.0,1468.750,235
73339.0,8012.500,1282
73347.0,1262.500,202
73355.0,931.250,149
73411.0,481.250,77
73420.0,3287.500,526
73445.0,10056.250,1609
73491.0,968.750,155
73597.0,5912.500,946
73618.0,4787.500,766
73622.0,750.000,120
73628.0,24931.250,3989
73664.0,10887.500,1742
73689.0,893.750,143
73705.0,112.500,18
73719.0,5493.750,879
73725.0,162.500,26
73834.0,475.000,76
73959.0,2500.000,400
73969.0,2368.750,379
74019.0,18881.250,3021
74023.0,9681.250,1549
74034.0,87.500,14
74075.0,850.000,136
74225.0,4187.500,670
74237.0,9000.000,1440
74266.0,4000.000,640
74271.0,2068.750,331
74279.0,18993.750,3039
74292.0,4556.250,729
74321.0,475.000,76
74322.0,1881.250,301
74326.0,1575.000,252
74330.0,2806.250,449
74335.0,2887.500,462
74348.0,262.500,42
74361.0,775.000,124
74361.0,3825.000,612
74363.0,4218.750,675
74365.0,512.500,82
74393.0,81.250,13
74414.0,2118.750,339
74432.0,118.750,19
74576.0,1218.750,195
74605.0,3200.000,512
74656.0,1743.750,279
74698.0,568.750,91
74707.0,2931.250,469
74735.0,15350.000,2456
74745.0,1456.250,233
74753.0,2700.000,432
74760.0,6987.500,1118
74812.0,787.500,126
74878.0,2656.250,425
74935.0,2893.750,463
74964.0,3925.000,628
74968.0,2743.750,439
74977.0,1512.500,242
75006.0,2200.000,352
75086.0,3475.000,556
75087.0,7143.750,1143
75107.0,3312.500,530
75115.0,3893.750,623
75151.0,25518.750,4083
75214.0,11312.500,1810
75272.0,1737.500,278
75285.0,681.250,109
75323.0,3656.250,585
75337.0,312.500,50
75338.0,2856.250,457
75363.0,2406.250,385
75382.0,24893.750,3983
75383.0,4493.750,719
75438.0,4081.250,653
75480.0,4568.750,731
75511.0,1556.250,249
75524.0,587.500,94
75536.0,3506.250,561
75605.0,1062.500,170
75606.0,250.000,40
75616.0,481.250,77
75648.0,2731.250,437
75663.0,1618.750,259
75710.0,125.000,20
75714.0,1006.250,161
75737.0,2375.000,380
75773.0,23437.500,3750
75853.0,650.000,104
75857.0,12143.750,1943
75878.0,2181.250,349
75907.0,481.250,77
75916.0,6356.250,1017
75934.0,868.750,139
75976.0,2850.000,456
75978.0,17300.000,2768
76007.0,250.000,40
76016.0,15756.250,2521
76032.0,1156.250,185
76044.0,23218.750,3715
76045.0,1437.500,230
76049.0,3137.500,502
76062.0,187.500,30
76104.0,20512.500,3282
76104.0,650.000,104
76110.0,5643.750,903
76141.0,1393.750,223
76149.0,6000.000,960
76164.0,5812.500,930
76182.0,331.250,53
76231.0,2643.750,423
76275.0,1843.750,295
76286.0,525.000,84
76305.0,5006.250,801
76329.0,525.000,84
76379.0,9837.500,1574
76410.0,3806.250,609
76427.0,2287.500,366
76433.0,24137.500,3862
76448.0,11275.000,1804
76482.0,2031.250,325
76497.0,24018.750,3843
76501.0,3812.500,610
76552.0,1981.250,317
76552.0,2093.750,335
76581.0,1131.250,181
76606.0,2000.000,320
76639.0,368.750,59
76647.0,606.250,97
76650.0,868.750,139
76657.0,1287.500,206
76667.0,518.750,83
76686.0,968.750,155
76710.0,2268.750,363
76754.0,187.500,30
76761.0,343.750,55
76778.0,10643.750,1703
76834.0,5731.250,917
76951.0,2662.500,426
76971.0,4112.500,658
76976.0,831.250,133
77005.0,1543.750,247
77012.0,2168.750,347
77034.0,13650.000,2184
77133.0,1318.750,211
77174.0,187.500,30
77196.0,1706.250,273
77196.0,4481.250,717
77282.0,968.750,155
77316.0,850.000,136
77347.0,21768.750,3483
77353.0,493.750,79
77395.0,618.750,99
77414.0,3318.750,531
77490.0,15931.250,2549
77523.0,350.000,56
77528.0,5843.750,935
77571.0,937.500,150
77668.0,1062.500,170
77684.0,462.500,74
77734.0,3000.000,480
77786.0,6350.000,1016
77793.0,1312.500,210
77864.0,1300.000,208
77865.0,20687.500,3310
77866.0,731.250,117
77882.0,1706.250,273
77888.0,2950.000,472
77893.0,1468.750,235
77900.0,1268.750,203
77907.0,306.250,49
77909.0,106.250,17
77974.0,5406.250,865
77982.0,1143.750,183
77994.0,2968.750,475
78046.0,1987.500,318
78207.0,1168.750,187
78232.0,22806.250,3649
78250.0,1468.750,235
78251.0,3012.500,482
78287.0,20637.500,3302
78316.0,3175.000,508
78316.0,2087.500,334
78337.0,9306.250,1489
78343.0,5718.750,915
78350.0,13143.750,2103
78364.0,19312.500,3090
78398.0,3056.250,489
78400.0,16843.750,2695
78455.0,1725.000,276
78495.0,11975.000,1916
78526.0,21406.250,3425
78527.0,4881.250,781
78542.0,11606.250,1857
78609.0,81.250,13
78637.0,10537.500,1686
78644.0,2843.750,455
78674.0,3687.500,590
78702.0,7800.000,1248
78720.0,962.500,154
78733.0,1212.500,194
78738.0,1068.750,171
78742.0,675.000,108
78809.0,1668.750,267
78817.0,318.750,51
78865.0,1156.250,185
78923.0,24693.750,3951
78950.0,1787.500,286
78979.0,531.250,85
78993.0,3875.000,620
78994.0,218.750,35
79037.0,631.250,101
79046.0,643.750,103
79059.0,750.000,120
79092.0,1206.250,193
79140.0,356.250,57
79145.0,681.250,109
79179.0,2925.000,468
79184.0,906.250,145
79201.0,343.750,55
79216.0,393.750,63
79259.0,11656.250,1865
79360.0,7637.500,1222
79371.0,7393.750,1183
79438.0,22525.000,3604
79464.0,1718.750,275
79478.0,618.750,99
79492.0,17081.250,2733
79493.0,7225.000,1156
79515.0,2312.500,370
79545.0,3181.250,509
79592.0,668.750,107
79613.0,381.250,61
79708.0,306.250,49
79729.0,525.000,84
79739.0,112.500,18
79756.0,14612.500,2338
79789.0,868.750,139
79898.0,3237.500,518
79939.0,10350.000,1656
80063.0,412.500,66
80132.0,918.750,147
80149.0,4068.750,651
80155.0,1256.250,201
80207.0,6156.250,985
80223.0,4156.250,665
80232.0,24393.750,3903
80310.0,887.500,142
80320.0,1150.000,184
80320.0,1581.250,253
80373.0,2350.000,376
80382.0,8393.750,1343
80388.0,493.750,79
80406.0,1012.500,162
80473.0,3256.250,521
80480.0,20150.000,3224
80490.0,4981.250,797
80538.0,2062.500,330
80547.0,1468.750,235
80552.0,11812.500,1890
80606.0,1800.000,288
80638.0,23587.500,3774
80644.0,24100.000,3856
80651.0,3412.500,546
80673.0,900.000,144
80679.0,1350.000,216
80685.0,1006.250,161
80715.0,987.500,158
80719.0,837.500,134
80792.0,1275.000,204
80797.0,593.750,95
80801.0,4418.750,707
80921.0,450.000,72
80946.0,7637.500,1222
80969.0,1862.500,298
80975.0,293.750,47
81029.0,1775.000,284
81048.0,125.000,20
81116.0,9468.750,1515
81124.0,1725.000,276
81148.0,1037.500,166
81170.0,9531.250,1525
81190.0,3068.750,491
81202.0,843.750,135
81250.0,993.750,159
81298.0,500.000,80
81300.0,1056.250,169
81318.0,2750.000,440
81335.0,15850.000,2536
81340.0,1156.250,185
81357.0,24050.000,3848
81388.0,1256.250,201
81412.0,975.000,156
81456.0,15987.500,2558
81501.0,12825.000,2052
81510.0,1287.500,206
81543.0,9843.750,1575
81545.0,1637.500,262
81575.0,1637.500,262
81590.0,106.250,17
81610.0,487.500,78
81636.0,475.000,76
81661.0,16443.750,2631
81690.0,2325.000,372
81786.0,562.500,90
81791.0,106.250,17
81811.0,1375.000,220
81811.0,3800.000,608
81838.0,1250.000,200
81856.0,4931.250,789
81868.0,725.000,116
81937.0,1637.500,262
82005.0,2793.750,447
82041.0,18568.750,2971
82072.0,4125.000,660
82075.0,7012.500,1122
82079.0,2968.750,475
82111.0,2375.000,380